image,relative_path,style_classification,artist_attribution,timeframe_estimation,tag_prediction,mode,date,artist_name,additional_styles,artist_school,tags
kay-nielsen_old-luk-oie.jpg,Art_Nouveau_Modern/kay-nielsen_old-luk-oie.jpg,art_nouveau_modern,kay-nielsen,1900-1950,,train,,kay-nielsen,,danish,
vincent-van-gogh_basket-of-sprouting-bulbs-1887(1).jpg,Post_Impressionism/vincent-van-gogh_basket-of-sprouting-bulbs-1887(1).jpg,post_impressionism,vincent-van-gogh,1850-1900,flowers-and-plants,train,1887.0,vincent-van-gogh,,dutch,"flowers-and-plants,plate"
joshua-reynolds_the-infant-samuel-at-prayer.jpg,Rococo/joshua-reynolds_the-infant-samuel-at-prayer.jpg,rococo,joshua-reynolds,1750-1800,"lady,saints-and-apostles,christianity",train,,joshua-reynolds,,british,"christianity,saints-and-apostles,samuel,lady"
genevieve-asse_rouge-gris-2009.jpg,Minimalism/genevieve-asse_rouge-gris-2009.jpg,minimalism,genevieve-asse,2000-2050,"line,sky",train,2009.0,genevieve-asse,,french,"sky,line"
chronis-botsoglou_untitled-1.jpg,Expressionism/chronis-botsoglou_untitled-1.jpg,expressionism,chronis-botsoglou,1950-2000,,train,,chronis-botsoglou,,greek,
filippo-brunelleschi_sketches-of-the-machines-1(1).jpg,Early_Renaissance/filippo-brunelleschi_sketches-of-the-machines-1(1).jpg,early_renaissance,unk,1400-1450,"sketch,designs-and-sketches",train,1430.0,filippo-brunelleschi,,italian,"instruments-and-mechanisms,designs-and-sketches,sketch"
jan-steen_lean-kitchen.jpg,Baroque/jan-steen_lean-kitchen.jpg,baroque,jan-steen,1650-1700,,train,1650.0,jan-steen,,dutch,group-portraits
lucas-cranach-the-elder_the-judgment-of-paris-1527.jpg,Northern_Renaissance/lucas-cranach-the-elder_the-judgment-of-paris-1527.jpg,northern_renaissance,lucas-cranach-the-elder,1500-1550,mythology,train,1527.0,lucas-cranach-the-elder,,german,"greek-and-roman-mythology,cupid-and-psyche,paris,aphrodite/venus,judgement-of-paris,hera/juno,athena/minerva,hermes/mercury,mythology"
lucas-cranach-the-elder_reclining-river-nymph-at-the-fountain-1518.jpg,Northern_Renaissance/lucas-cranach-the-elder_reclining-river-nymph-at-the-fountain-1518.jpg,northern_renaissance,lucas-cranach-the-elder,1500-1550,"female-nude,mythology",train,1518.0,lucas-cranach-the-elder,,german,"female-nude,nymphs-and-satyrs,mythology"
konstantin-makovsky_girl-with-jug.jpg,Romanticism/konstantin-makovsky_girl-with-jug.jpg,romanticism,konstantin-makovsky,1850-1900,"lady,children portraits",train,1880.0,konstantin-makovsky,,russian,"children portraits,lady"
theodoor-van-thulden_scipio-africanus.jpg,Baroque/theodoor-van-thulden_scipio-africanus.jpg,baroque,unk,1650-1700,"mythology,famous-people",train,,theodoor-van-thulden,,dutch,"famous-people,mythology"
carlos-botelho_vista-de-lisboa-tejo-e-topo-do-arco-da-rua-augusta.jpg,Fauvism/carlos-botelho_vista-de-lisboa-tejo-e-topo-do-arco-da-rua-augusta.jpg,fauvism,unk,1900-1950,,train,,carlos-botelho,,portuguese,
david-burliuk_ploughing-the-field(1).jpg,Naive_Art_Primitivism/david-burliuk_ploughing-the-field(1).jpg,naive_art_primitivism,david-burliuk,1900-1950,"countryside,animals",train,,david-burliuk,,"ukrainian, russian","animals,countryside,horses,handwork"
mark-rothko_yellow-band.jpg,Color_Field_Painting/mark-rothko_yellow-band.jpg,color_field_painting,mark-rothko,1950-2000,,test,1956.0,mark-rothko,,"american, jewish",orange
august-macke_on-the-street.jpg,Fauvism/august-macke_on-the-street.jpg,fauvism,august-macke,1900-1950,"houses-and-buildings,streets-and-squares",train,1914.0,august-macke,,german,"streets-and-squares,houses-and-buildings"
albrecht-durer_martyrdom-of-the-ten-thousand.jpg,Northern_Renaissance/albrecht-durer_martyrdom-of-the-ten-thousand.jpg,northern_renaissance,albrecht-durer,1500-1550,"designs-and-sketches,saints-and-apostles",train,1508.0,albrecht-durer,,german,"saints-and-apostles,punishments-and-tortures,designs-and-sketches"
utagawa-kunisada_not_detected_240342.jpg,Ukiyo_e/utagawa-kunisada_not_detected_240342.jpg,ukiyo_e,utagawa-kunisada,1800-1850,"female-nude,textile",train,1835.0,utagawa-kunisada,,japanese,"female-nude,couples,male-nude,textile"
david-batchelor_hackney-road-drawing-2004.jpg,Minimalism/david-batchelor_hackney-road-drawing-2004.jpg,minimalism,unk,2000-2050,text,train,2004.0,david-batchelor,,british,"text,font"
cy-twombly_untitled-16.jpg,Abstract_Expressionism/cy-twombly_untitled-16.jpg,abstract_expressionism,cy-twombly,1950-2000,"line,sky",train,1970.0,cy-twombly,,american,"blackboard,sky,line"
rembrandt_jacob-blessing-the-children-of-joseph-1656.jpg,Baroque/rembrandt_jacob-blessing-the-children-of-joseph-1656.jpg,baroque,rembrandt,1650-1700,,train,1656.0,rembrandt,,dutch,
iosif-iser_toreador.jpg,Expressionism/iosif-iser_toreador.jpg,expressionism,iosif-iser,1900-1950,gentleman,train,,iosif-iser,,"jewish, romanian",gentleman
ilya-mashkov_landscape-1914.jpg,Post_Impressionism/ilya-mashkov_landscape-1914.jpg,post_impressionism,ilya-mashkov,1900-1950,"rural area,natural landscape,houses-and-buildings",train,1914.0,ilya-mashkov,,russian,"houses-and-buildings,natural landscape,mountain,village,rural area"
parmigianino_holy-family-with-shepherds-and-angels.jpg,Mannerism_Late_Renaissance/parmigianino_holy-family-with-shepherds-and-angels.jpg,mannerism_late_renaissance,parmigianino,1500-1550,"christianity,mythology",train,1524.0,parmigianino,,italian,"christianity,holy-family,mythology,relief"
raphael-kirchner_favorite-1.jpg,Art_Nouveau_Modern/raphael-kirchner_favorite-1.jpg,art_nouveau_modern,raphael-kirchner,1900-1950,"female-portraits,lady,sketch",train,,raphael-kirchner,,austrian,"female-portraits,lady,sketch,retro style"
rembrandt_the-apostle-paul-1659.jpg,Baroque/rembrandt_the-apostle-paul-1659.jpg,baroque,rembrandt,1650-1700,,train,1659.0,rembrandt,,dutch,
diego-velazquez_portrait-of-mariana-of-austria-queen-of-spain-1657.jpg,Baroque/diego-velazquez_portrait-of-mariana-of-austria-queen-of-spain-1657.jpg,baroque,diego-velazquez,1650-1700,"female-portraits,lady,famous-people",train,1657.0,diego-velazquez,,spanish,"famous-people,female-portraits,margaret-of-austria-(queen-of-spain),lady"
mark-tobey_fire-dancers-1957.jpg,Abstract_Expressionism/mark-tobey_fire-dancers-1957.jpg,abstract_expressionism,mark-tobey,1950-2000,,train,1957.0,mark-tobey,,american,"formation,monochrome photography,geology,monochrome"
frans-hals_peeckelhaering-detail-1643.jpg,Baroque/frans-hals_peeckelhaering-detail-1643.jpg,baroque,frans-hals,1600-1650,,train,,frans-hals,,dutch,
max-pechstein_dialogue-1920.jpg,Expressionism/max-pechstein_dialogue-1920.jpg,expressionism,max-pechstein,1900-1950,human,train,1920.0,max-pechstein,,german,human
camille-pissarro_the-clearing.jpg,Impressionism/camille-pissarro_the-clearing.jpg,impressionism,camille-pissarro,1850-1900,tree,val,1876.0,camille-pissarro,,"french, jewish",tree
walter-battiss_horse-and-butterfly.jpg,Pop_Art/walter-battiss_horse-and-butterfly.jpg,pop_art,walter-battiss,1950-2000,text,train,,walter-battiss,,south-african,text
maurice-utrillo_chartres-cathedral.jpg,Post_Impressionism/maurice-utrillo_chartres-cathedral.jpg,post_impressionism,maurice-utrillo,1900-1950,,val,,maurice-utrillo,,french,"medieval architecture,spire,landmark,steeple,building,church,place of worship,cathedral,gothic architecture"
katsushika-hokusai_swallow-and-begonia-and-strawberry-pie.jpg,Ukiyo_e/katsushika-hokusai_swallow-and-begonia-and-strawberry-pie.jpg,ukiyo_e,katsushika-hokusai,1800-1850,"botany,organism,flowers-and-plants",train,1834.0,katsushika-hokusai,,japanese,"flowers-and-plants,birds,swallows,botany,bird,organism"
helen-frankenthaler_santa-fe-ii-1986.jpg,Color_Field_Painting/helen-frankenthaler_santa-fe-ii-1986.jpg,color_field_painting,helen-frankenthaler,1950-2000,sky,train,1986.0,helen-frankenthaler,,american,sky
jiro-yoshihara_untitled(1).jpg,Minimalism/jiro-yoshihara_untitled(1).jpg,minimalism,jiro-yoshihara,1950-2000,,train,,jiro-yoshihara,,japanese,
juan-gris_still-life-with-newspaper-1918.jpg,Synthetic_Cubism/juan-gris_still-life-with-newspaper-1918.jpg,cubism,juan-gris,1900-1950,,val,1918.0,juan-gris,,spanish,
ivan-vladimirov_walk-in-the-park-1905.jpg,Impressionism/ivan-vladimirov_walk-in-the-park-1905.jpg,impressionism,ivan-vladimirov,1900-1950,,test,1905.0,ivan-vladimirov,,russian,"gardens-and-parks,walking"
alfred-sisley_saint-cloud-banks-of-the-seine-1879.jpg,Impressionism/alfred-sisley_saint-cloud-banks-of-the-seine-1879.jpg,impressionism,alfred-sisley,1850-1900,"boats-and-ships,bank,waterway",val,1879.0,alfred-sisley,,"french, british","boats-and-ships,waterway,bank"
marc-chagall_they-were-in-forty-pairs-1948.jpg,Naive_Art_Primitivism/marc-chagall_they-were-in-forty-pairs-1948.jpg,naive_art_primitivism,marc-chagall,1900-1950,allegories-and-symbols,train,1948.0,marc-chagall,,"french, jewish, belarusian","allegories-and-symbols,male-nude,queens,the-arabian-nights,orange"
maurice-esteve_trigourec-1972-1.jpg,Color_Field_Painting/maurice-esteve_trigourec-1972-1.jpg,color_field_painting,unk,1950-2000,,train,,maurice-esteve,,french,
theodoros-stamos_infinity-field-lefkada-series-1983.jpg,Color_Field_Painting/theodoros-stamos_infinity-field-lefkada-series-1983.jpg,color_field_painting,theodoros-stamos,1950-2000,sky,train,1983.0,theodoros-stamos,,"american, greek","sky,atmospheric phenomenon,atmosphere,geological phenomenon"
lorenzo-lotto_sts-thomas-aquinas-and-flavian-sts-peter-the-martyr-and-vitus-1508.jpg,High_Renaissance/lorenzo-lotto_sts-thomas-aquinas-and-flavian-sts-peter-the-martyr-and-vitus-1508.jpg,high_renaissance,lorenzo-lotto,1500-1550,"saints-and-apostles,christianity",train,1508.0,lorenzo-lotto,,italian,"christianity,saints-and-apostles,history"
dmitry-levitzky_portrait-of-f-p-makerovskiy-in-masquerade-costume-1789.jpg,Rococo/dmitry-levitzky_portrait-of-f-p-makerovskiy-in-masquerade-costume-1789.jpg,rococo,dmitry-levitzky,1750-1800,"lady,children portraits,male-portraits",train,1789.0,dmitry-levitzky,,"russian, ukrainian","male-portraits,children portraits,lady"
boris-kustodiev_exit-of-tsar-ivan-the-terrible-1900.jpg,Realism/boris-kustodiev_exit-of-tsar-ivan-the-terrible-1900.jpg,realism,boris-kustodiev,1900-1950,famous-people,train,1900.0,boris-kustodiev,,russian,"famous-people,ivan-the-terrible"
max-pechstein_die-schwalben-sammeln-sich-ckeritz-i-pommern-1949.jpg,Expressionism/max-pechstein_die-schwalben-sammeln-sich-ckeritz-i-pommern-1949.jpg,expressionism,max-pechstein,1900-1950,,val,1949.0,max-pechstein,,german,windmill
cima-da-conegliano_st-jerome-in-a-landscape.jpg,High_Renaissance/cima-da-conegliano_st-jerome-in-a-landscape.jpg,high_renaissance,cima-da-conegliano,1500-1550,"saints-and-apostles,christianity,mythology",train,1500.0,cima-da-conegliano,,italian,"christianity,saints-and-apostles,mythology"
vincent-van-gogh_woman-spreading-out-laundry-on-a-field-1882.jpg,Realism/vincent-van-gogh_woman-spreading-out-laundry-on-a-field-1882.jpg,realism,vincent-van-gogh,1850-1900,tree,train,1882.0,vincent-van-gogh,,dutch,"domestic-settings,handwork,tree"
raoul-dufy_anemones.jpg,Post_Impressionism/raoul-dufy_anemones.jpg,post_impressionism,raoul-dufy,1900-1950,"flower,still life photography,plant,flowers-and-plants",train,,raoul-dufy,,french,"flowers-and-plants,bouquet,flower,still life photography,plant,cut flowers"
paolo-veronese_scorn.jpg,Mannerism_Late_Renaissance/paolo-veronese_scorn.jpg,mannerism_late_renaissance,paolo-veronese,1550-1600,"allegories-and-symbols,female-portraits,male-portraits,mythology",train,1575.0,paolo-veronese,,italian,"allegories-and-symbols,male-portraits,female-portraits,cupid-and-psyche,mythology"
richard-pousette-dart_blood-wedding-1958.jpg,Abstract_Expressionism/richard-pousette-dart_blood-wedding-1958.jpg,abstract_expressionism,richard-pousette-dart,1950-2000,,train,1958.0,richard-pousette-dart,,american,
jacopo-bellini_nativity.jpg,Early_Renaissance/jacopo-bellini_nativity.jpg,early_renaissance,unk,1400-1450,sketch,train,1445.0,jacopo-bellini,,italian,sketch
albrecht-altdorfer_the-battle-of-issus-fragment-1529-10.jpg,Northern_Renaissance/albrecht-altdorfer_the-battle-of-issus-fragment-1529-10.jpg,northern_renaissance,albrecht-altdorfer,1500-1550,mythology,train,1529.0,albrecht-altdorfer,,german,"knights-and-warriors,battles-and-wars,historical-events,mythology,fictional character"
edward-ruscha_noose-around-your-neck-country-cityscapes-series-2001.jpg,Pop_Art/edward-ruscha_noose-around-your-neck-country-cityscapes-series-2001.jpg,pop_art,edward-ruscha,2000-2050,,val,2001.0,edward-ruscha,,american,"photograph,rectangle"
ernst-ludwig-kirchner_street-scene-1.jpg,Expressionism/ernst-ludwig-kirchner_street-scene-1.jpg,expressionism,ernst-ludwig-kirchner,1900-1950,streets-and-squares,train,,ernst-ludwig-kirchner,,german,"streets-and-squares,couples"
pietro-perugino_the-pazzi-crucifixion-detail-1.jpg,Early_Renaissance/pietro-perugino_the-pazzi-crucifixion-detail-1.jpg,early_renaissance,pietro-perugino,1450-1500,"saints-and-apostles,christianity",train,1496.0,pietro-perugino,,italian,"christianity,saints-and-apostles,crucifixion,pazzy,prophet"
sam-francis_untitled-1965.jpg,Color_Field_Painting/sam-francis_untitled-1965.jpg,color_field_painting,sam-francis,1950-2000,,train,1965.0,sam-francis,,american,
correggio_virgin-and-child-with-an-angel-madonna-del-latte-1524.jpg,Mannerism_Late_Renaissance/correggio_virgin-and-child-with-an-angel-madonna-del-latte-1524.jpg,mannerism_late_renaissance,correggio,1500-1550,,train,,correggio,,italian,
edmund-dulac_psyche-and-cerberus.jpg,Art_Nouveau_Modern/edmund-dulac_psyche-and-cerberus.jpg,art_nouveau_modern,edmund-dulac,1900-1950,,train,,edmund-dulac,,"french, british",
martin-schongauer_altar-of-omgeving-1491.jpg,Northern_Renaissance/martin-schongauer_altar-of-omgeving-1491.jpg,northern_renaissance,martin-schongauer,1450-1500,christianity,train,1491.0,martin-schongauer,,german,christianity
filipp-malyavin_two-girls-1910.jpg,Expressionism/filipp-malyavin_two-girls-1910.jpg,art_nouveau_modern,filipp-malyavin,1900-1950,"female-portraits,lady",train,1910.0,filipp-malyavin,expressionism,russian,"female-portraits,group-portraits,lady"
pablo-picasso_lying-female-nude-1932.jpg,Naive_Art_Primitivism/pablo-picasso_lying-female-nude-1932.jpg,naive_art_primitivism,pablo-picasso,1900-1950,"nose,sketch,female-nude,head",train,1932.0,pablo-picasso,,spanish,"female-nude,sketch,head,nose,ear"
nicholas-roerich_young-men-successors-1914-2.jpg,Art_Nouveau_Modern/nicholas-roerich_young-men-successors-1914-2.jpg,art_nouveau_modern,nicholas-roerich,1900-1950,,train,1914.0,nicholas-roerich,,russian,prayers
vladimir-borovikovsky_portrait-of-grand-duchess-alexandra.jpg,Rococo/vladimir-borovikovsky_portrait-of-grand-duchess-alexandra.jpg,rococo,vladimir-borovikovsky,1750-1800,"female-portraits,lady",train,,vladimir-borovikovsky,,"russian, ukrainian","female-portraits,lady,beauty"
ferdynand-ruszczyc_ob-ok-1902.jpg,Symbolism/ferdynand-ruszczyc_ob-ok-1902.jpg,post_impressionism,unk,1900-1950,sky,train,1902.0,ferdynand-ruszczyc,,polish,sky
giovanni-battista-tiepolo_the-banquet-of-cleopatra-1744.jpg,Rococo/giovanni-battista-tiepolo_the-banquet-of-cleopatra-1744.jpg,rococo,giovanni-battista-tiepolo,1700-1750,famous-people,train,1744.0,giovanni-battista-tiepolo,,italian,"famous-people,celebrations-and-festivals,cleopatra"
piero-della-francesca_constantine-s-victory-over-maxentius-detail-1(1).jpg,Early_Renaissance/piero-della-francesca_constantine-s-victory-over-maxentius-detail-1(1).jpg,early_renaissance,piero-della-francesca,1450-1500,christianity,train,1466.0,piero-della-francesca,,italian,"christianity,knights-and-warriors"
sir-lawrence-alma-tadema_ask-me-no-more-1906.jpg,Romanticism/sir-lawrence-alma-tadema_ask-me-no-more-1906.jpg,romanticism,sir-lawrence-alma-tadema,1900-1950,lady,train,1906.0,sir-lawrence-alma-tadema,,dutch,"lady,fashion,fun"
mary-fedden_zebra-2007.jpg,Fauvism/mary-fedden_zebra-2007.jpg,fauvism,mary-fedden,2000-2050,,train,2007.0,mary-fedden,,british,zebra
aubrey-beardsley_sir-launcelot-and-the-witch-hellawes.jpg,Art_Nouveau_Modern/aubrey-beardsley_sir-launcelot-and-the-witch-hellawes.jpg,art_nouveau_modern,aubrey-beardsley,1850-1900,fictional-characters,train,1894.0,aubrey-beardsley,,british,"fictional-characters,thomas-malory-""le-morte-d'arthur"",lancelot,picture frame"
pierre-auguste-renoir_essoyes-landscape-1884.jpg,Impressionism/pierre-auguste-renoir_essoyes-landscape-1884.jpg,impressionism,pierre-auguste-renoir,1850-1900,sky,train,1884.0,pierre-auguste-renoir,,french,sky
keisai-eisen_shimada-station-shimada-shuku-no-24-from-an-untitled-series-of-the-fifty-three-stations-of-the(1).jpg,Ukiyo_e/keisai-eisen_shimada-station-shimada-shuku-no-24-from-an-untitled-series-of-the-fifty-three-stations-of-the(1).jpg,ukiyo_e,keisai-eisen,1800-1850,,train,,keisai-eisen,,japanese,
ernst-ludwig-kirchner_railway-underpass-in-dresden-1926.jpg,Expressionism/ernst-ludwig-kirchner_railway-underpass-in-dresden-1926.jpg,expressionism,ernst-ludwig-kirchner,1900-1950,streets-and-squares,train,1926.0,ernst-ludwig-kirchner,,german,"streets-and-squares,dresden"
maria-primachenko_magpie-in-roses-1983.jpg,Naive_Art_Primitivism/maria-primachenko_magpie-in-roses-1983.jpg,naive_art_primitivism,maria-primachenko,1950-2000,"plant,flowers-and-plants",val,1983.0,maria-primachenko,,ukrainian,"flowers-and-plants,birds,plant"
gustave-dore_the-two-goats.jpg,Romanticism/gustave-dore_the-two-goats.jpg,romanticism,gustave-dore,1850-1900,"fictional-characters,animals,tree",train,1868.0,gustave-dore,,french,"animals,fictional-characters,goats,jean-de-la-fontaine-'fables',geological phenomenon,monochrome,tree"
domenico-veneziano_matteo-olivieri-1450.jpg,Early_Renaissance/domenico-veneziano_matteo-olivieri-1450.jpg,early_renaissance,unk,1450-1500,male-portraits,train,1450.0,domenico-veneziano,,italian,male-portraits
jacopo-bellini_virgin-with-child.jpg,Early_Renaissance/jacopo-bellini_virgin-with-child.jpg,early_renaissance,unk,1450-1500,"christianity,jesus-christ",train,1455.0,jacopo-bellini,,italian,"christianity,books-and-letters,jesus-christ,virgin-and-child,virgin-mary,picture frame"
ion-andreescu_leafless-forest.jpg,Realism/ion-andreescu_leafless-forest.jpg,realism,unk,1850-1900,"natural landscape,woody plant,nature,plant,tree,natural environment",train,,ion-andreescu,,romanians,"tree,natural landscape,nature,natural environment,woodland,forest,biome,woody plant,plant,grove"
pierre-auguste-renoir_nude-on-the-grass-1915.jpg,Impressionism/pierre-auguste-renoir_nude-on-the-grass-1915.jpg,impressionism,pierre-auguste-renoir,1900-1950,"figure drawing,mythology",train,1915.0,pierre-auguste-renoir,,french,"mythology,figure drawing"
max-weber_russian-ballet.jpg,Cubism/max-weber_russian-ballet.jpg,cubism,max-weber,1900-1950,,train,1916.0,max-weber,,"american, jewish",
domenico-ghirlandaio_decoration-of-the-sala-del-gigli.jpg,Early_Renaissance/domenico-ghirlandaio_decoration-of-the-sala-del-gigli.jpg,early_renaissance,domenico-ghirlandaio,1450-1500,"mythology,saints-and-apostles,christianity,holy places",train,1484.0,domenico-ghirlandaio,,italian,"christianity,saints-and-apostles,holy places,mythology,stock photography,prophet"
lourdes-castro_ver-o-1991.jpg,Pop_Art/lourdes-castro_ver-o-1991.jpg,pop_art,lourdes-castro,1950-2000,,train,1991.0,lourdes-castro,,portuguese,leg
helen-frankenthaler_untitled(1).jpg,Color_Field_Painting/helen-frankenthaler_untitled(1).jpg,color_field_painting,helen-frankenthaler,1950-2000,,test,,helen-frankenthaler,,american,
john-constable_flowers-in-a-glass-vase.jpg,Romanticism/john-constable_flowers-in-a-glass-vase.jpg,romanticism,john-constable,1800-1850,"flower,still life photography,plant,flowers-and-plants",train,1814.0,john-constable,,british,"flowers-and-plants,still life photography,flower,bouquet,cut flowers,plant,sunflower"
max-weber_chinese-bowl.jpg,Fauvism/max-weber_chinese-bowl.jpg,fauvism,max-weber,1900-1950,still life photography,train,1912.0,max-weber,,"american, jewish","fruits-and-vegetables,dishware-and-cutlery,food-and-beverages,still life photography"
lorenzo-lotto_madonna-and-child-with-sts-peter-christine-liberale-and-jerome-1505.jpg,High_Renaissance/lorenzo-lotto_madonna-and-child-with-sts-peter-christine-liberale-and-jerome-1505.jpg,high_renaissance,lorenzo-lotto,1500-1550,"saints-and-apostles,christianity,holy places",train,1505.0,lorenzo-lotto,,italian,"christianity,saints-and-apostles,virgin-and-child,st.-peter,holy places"
milton-resnick_flag-1963.jpg,Abstract_Expressionism/milton-resnick_flag-1963.jpg,abstract_expressionism,milton-resnick,1950-2000,,test,1963.0,milton-resnick,,american,
fernand-leger_the-album-circus-1950-31.jpg,Naive_Art_Primitivism/fernand-leger_the-album-circus-1950-31.jpg,naive_art_primitivism,fernand-leger,1950-2000,designs-and-sketches,val,1950.0,fernand-leger,,french,designs-and-sketches
allan-ramsay_portrait-of-william-colyear-viscount-milsington.jpg,Rococo/allan-ramsay_portrait-of-william-colyear-viscount-milsington.jpg,rococo,allan-ramsay,1750-1800,"male-portraits,famous-people",train,,allan-ramsay,,british,"male-portraits,famous-people"
pietro-perugino_martyrdom-of-st-sebastian.jpg,High_Renaissance/pietro-perugino_martyrdom-of-st-sebastian.jpg,high_renaissance,pietro-perugino,1500-1550,"saints-and-apostles,christianity,holy places",train,1505.0,pietro-perugino,,italian,"christianity,saints-and-apostles,st.-sebastian,holy places,arch"
cornelis-de-vos_portrait-of-an-eleven-year-old-girl-with-a-dog-dressed-in-spanish-fashion.jpg,Baroque/cornelis-de-vos_portrait-of-an-eleven-year-old-girl-with-a-dog-dressed-in-spanish-fashion.jpg,baroque,cornelis-de-vos,1600-1650,"lady,children portraits",train,,cornelis-de-vos,,flemish,"children portraits,lady,fur"
james-tissot_statesmen-no-380-caricature-of-archibald-campbell-tait-archbishop-of-canterbury.jpg,Realism/james-tissot_statesmen-no-380-caricature-of-archibald-campbell-tait-archbishop-of-canterbury.jpg,realism,james-tissot,1850-1900,"male-portraits,famous-people",val,,james-tissot,,french,"male-portraits,famous-people,standing,vintage clothing"
giorgio-vasari_lorenzo-de-medici-the-magnificent.jpg,Mannerism_Late_Renaissance/giorgio-vasari_lorenzo-de-medici-the-magnificent.jpg,mannerism_late_renaissance,giorgio-vasari,1500-1550,"gentleman,male-portraits,famous-people",train,1534.0,giorgio-vasari,,italian,"male-portraits,famous-people,gentleman"
fernand-leger_the-breakfast-1921.jpg,Cubism/fernand-leger_the-breakfast-1921.jpg,cubism,fernand-leger,1900-1950,,train,1921.0,fernand-leger,,french,mealtimes
dmitry-levitzky_natalia-melgunova.jpg,Rococo/dmitry-levitzky_natalia-melgunova.jpg,rococo,dmitry-levitzky,1750-1800,"female-portraits,lady,chin",train,,dmitry-levitzky,,"russian, ukrainian","female-portraits,hair,lady,hairstyle,chin"
maurice-utrillo_the-maquis-of-montmartre-under-the-snow.jpg,Post_Impressionism/maurice-utrillo_the-maquis-of-montmartre-under-the-snow.jpg,post_impressionism,maurice-utrillo,1900-1950,streets-and-squares,train,,maurice-utrillo,,french,"winter,streets-and-squares,paris,walking"
raphael_angel-fragment-of-the-baronci-altarpiece.jpg,High_Renaissance/raphael_angel-fragment-of-the-baronci-altarpiece.jpg,high_renaissance,raphael,1500-1550,lady,train,1500.0,raphael,,italian,lady
helio-oiticica_grand-nucleus-1966.jpg,Minimalism/helio-oiticica_grand-nucleus-1966.jpg,minimalism,unk,1950-2000,,train,1966.0,helio-oiticica,,brazilian,"orange,interior design,building"
peter-max_better-world-1993.jpg,Pop_Art/peter-max_better-world-1993.jpg,pop_art,unk,1950-2000,sky,train,1993.0,peter-max,,"american, german","majorelle blue,sky"
ilya-repin_if-all-not-i-1896.jpg,Realism/ilya-repin_if-all-not-i-1896.jpg,realism,ilya-repin,1850-1900,,val,1896.0,ilya-repin,,russian,
jean-paul-lemieux_julie-et-l-univers.jpg,Expressionism/jean-paul-lemieux_julie-et-l-univers.jpg,expressionism,unk,1950-2000,gentleman,train,,jean-paul-lemieux,,canadian,"outerwear,fashion,vintage clothing,gentleman,headgear"
andy-warhol_elvis.jpg,Pop_Art/andy-warhol_elvis.jpg,pop_art,andy-warhol,1950-2000,"famous-people,male-portraits,line,tree,text",train,1963.0,andy-warhol,,american,"male-portraits,famous-people,elvis-presley,text,line,tree"
benjamin-west_princes-william-and-edward-1778.jpg,Rococo/benjamin-west_princes-william-and-edward-1778.jpg,rococo,benjamin-west,1750-1800,"gentleman,children portraits,famous-people",train,1778.0,benjamin-west,,"american, british","famous-people,children portraits,gentleman"
jacopo-pontormo_portrait-of-a-young-woman.jpg,Mannerism_Late_Renaissance/jacopo-pontormo_portrait-of-a-young-woman.jpg,mannerism_late_renaissance,jacopo-pontormo,1500-1550,"female-portraits,lady",train,1535.0,jacopo-pontormo,,italian,"female-portraits,lady"
el-greco_lady-with-a-flower-in-her-hair.jpg,Mannerism_Late_Renaissance/el-greco_lady-with-a-flower-in-her-hair.jpg,mannerism_late_renaissance,el-greco,1550-1600,"female-portraits,lady",train,1595.0,el-greco,,"spanish, greek","female-portraits,lady"
willi-baumeister_swimmers-on-the-ladder-1929.jpg,Cubism/willi-baumeister_swimmers-on-the-ladder-1929.jpg,cubism,willi-baumeister,1900-1950,,train,1929.0,willi-baumeister,,german,
paolo-veronese_hyman-juno-and-venus-1561.jpg,Mannerism_Late_Renaissance/paolo-veronese_hyman-juno-and-venus-1561.jpg,mannerism_late_renaissance,paolo-veronese,1550-1600,mythology,train,1561.0,paolo-veronese,,italian,"greek-and-roman-mythology,gods-and-goddesses,aphrodite/venus,hera/juno,mythology"
constantin-piliuta_still-life-with-flowers.jpg,Post_Impressionism/constantin-piliuta_still-life-with-flowers.jpg,post_impressionism,constantin-piliuta,1950-2000,"flower,plant,botany",train,,constantin-piliuta,,romanian,"flower,botany,plant"
rembrandt_portrait-of-cornelis-claesz-1640.jpg,Baroque/rembrandt_portrait-of-cornelis-claesz-1640.jpg,baroque,rembrandt,1600-1650,gentleman,train,1640.0,rembrandt,,dutch,"gentleman,stock photography"
paolo-uccello_the-adoration-of-the-magi.jpg,Early_Renaissance/paolo-uccello_the-adoration-of-the-magi.jpg,early_renaissance,paolo-uccello,1400-1450,,train,,paolo-uccello,,italian,
tintoretto_the-origin-of-the-milky-way.jpg,Mannerism_Late_Renaissance/tintoretto_the-origin-of-the-milky-way.jpg,mannerism_late_renaissance,tintoretto,1550-1600,mythology,train,1575.0,tintoretto,,italian,"greek-and-roman-mythology,mythology"
marc-chagall_three-angels-visit-abraham-genesis-xviii-1-8.jpg,Naive_Art_Primitivism/marc-chagall_three-angels-visit-abraham-genesis-xviii-1-8.jpg,naive_art_primitivism,marc-chagall,1950-2000,,train,1956.0,marc-chagall,,"french, jewish, belarusian","abraham,hebrew-bible,judaism,sarah,angels-and-archangels"
charles-lapicque_tigre-1961.jpg,Pop_Art/charles-lapicque_tigre-1961.jpg,pop_art,charles-lapicque,1950-2000,,train,1961.0,charles-lapicque,,french,
leonardo-da-vinci_female-head.jpg,High_Renaissance/leonardo-da-vinci_female-head.jpg,high_renaissance,leonardo-da-vinci,1500-1550,"forehead,head,face,chin,sketch,nose,cheek,female-portraits",train,,leonardo-da-vinci,,italian,"female-portraits,face,forehead,chin,head,sketch,cheek,nose,skin"
robert-mangold_ring-a-yellow-2010.jpg,Minimalism/robert-mangold_ring-a-yellow-2010.jpg,minimalism,robert-mangold,2000-2050,line,train,2010.0,robert-mangold,,american,"circle,line"
gene-davis_lime-lemon-1970(1).jpg,Color_Field_Painting/gene-davis_lime-lemon-1970(1).jpg,color_field_painting,gene-davis,1950-2000,"line,textile",train,1970.0,gene-davis,,american,"orange,leaf,textile,line,pattern,curtain"
yiannis-tsaroychis_athlete-1967.jpg,Expressionism/yiannis-tsaroychis_athlete-1967.jpg,expressionism,yiannis-tsaroychis,1950-2000,"chin,forehead",train,1967.0,yiannis-tsaroychis,,greek,"chin,forehead"
jan-steen_supper-at-emmaus-1668.jpg,Baroque/jan-steen_supper-at-emmaus-1668.jpg,baroque,jan-steen,1650-1700,"christianity,jesus-christ",test,1668.0,jan-steen,,dutch,"christianity,jesus-christ"
theodore-gericault_portrait-of-alfred-and-elizabeth-dedreux-1819.jpg,Romanticism/theodore-gericault_portrait-of-alfred-and-elizabeth-dedreux-1819.jpg,romanticism,theodore-gericault,1800-1850,,train,1819.0,theodore-gericault,,french,group-portraits
david-burliuk_peasant-woman-with-red-and-green-cows.jpg,Naive_Art_Primitivism/david-burliuk_peasant-woman-with-red-and-green-cows.jpg,naive_art_primitivism,david-burliuk,1900-1950,"countryside,animals",train,,david-burliuk,,"ukrainian, russian","animals,countryside,cows"
vasily-surikov_cossacks-in-boat-study-to-the-conquest-of-siberia-by-yermak.jpg,Realism/vasily-surikov_cossacks-in-boat-study-to-the-conquest-of-siberia-by-yermak.jpg,realism,vasily-surikov,1850-1900,boats-and-ships,train,,vasily-surikov,,russian,"boats-and-ships,military-and-soldiers"
vasily-tropinin_portrait-of-d-p-tatishchev-1838.jpg,Romanticism/vasily-tropinin_portrait-of-d-p-tatishchev-1838.jpg,romanticism,vasily-tropinin,1800-1850,"gentleman,male-portraits",train,1838.0,vasily-tropinin,,russian,"male-portraits,monarch,gentleman"
theo-van-doesburg_composition-the-cow-1.jpg,Cubism/theo-van-doesburg_composition-the-cow-1.jpg,cubism,theo-van-doesburg,1900-1950,"line,sketch,animals",val,1917.0,theo-van-doesburg,,dutch,"animals,cows,sketch,line"
luciano-bartolini_asterione-1979.jpg,Minimalism/luciano-bartolini_asterione-1979.jpg,minimalism,unk,1950-2000,,val,1979.0,luciano-bartolini,,italian,font
alberto-carneiro_uma-floresta-para-os-teus-sonhos-1970.jpg,Minimalism/alberto-carneiro_uma-floresta-para-os-teus-sonhos-1970.jpg,minimalism,unk,1950-2000,,train,1970.0,alberto-carneiro,,portuguese,
anders-zorn_a-fisherman-1888.jpg,Realism/anders-zorn_a-fisherman-1888.jpg,realism,anders-zorn,1850-1900,,train,1888.0,anders-zorn,,swedish,"couples,lanterns"
vincent-van-gogh_churchyard-in-winter-1883-1(1).jpg,Realism/vincent-van-gogh_churchyard-in-winter-1883-1(1).jpg,realism,vincent-van-gogh,1850-1900,water,train,1883.0,vincent-van-gogh,,dutch,"cemeteries-and-tombs,water"
martiros-saryan_mules-laden-with-hay-1910.jpg,Fauvism/martiros-saryan_mules-laden-with-hay-1910.jpg,fauvism,martiros-sarian,1900-1950,,test,1910.0,martiros-sarian,,armenian,mules
tintoretto_the-miracle-of-the-loaves-and-fishes-1581.jpg,Mannerism_Late_Renaissance/tintoretto_the-miracle-of-the-loaves-and-fishes-1581.jpg,mannerism_late_renaissance,tintoretto,1550-1600,"saints-and-apostles,christianity,jesus-christ",train,1581.0,tintoretto,,italian,"christianity,saints-and-apostles,jesus-christ"
jack-tworkov_june-21-1964.jpg,Abstract_Expressionism/jack-tworkov_june-21-1964.jpg,abstract_expressionism,unk,1950-2000,line,train,1964.0,jack-tworkov,,"american, polish","flag,line"
bernardo-bellotto_a-view-of-the-lobkowicz-palace-in-vienna-1761.jpg,Rococo/bernardo-bellotto_a-view-of-the-lobkowicz-palace-in-vienna-1761.jpg,rococo,bernardo-bellotto,1750-1800,streets-and-squares,train,1761.0,bernardo-bellotto,,italian,"streets-and-squares,city,town square,human settlement,plaza,public space,town,building"
grã©goire-michonze_landscape-1977.jpg,Naive_Art_Primitivism/grã©goire-michonze_landscape-1977.jpg,naive_art_primitivism,grã©goire-michonze,1900-1950,,train,1977.0,grã©goire-michonze,post_impressionism,"french, russian",ecoregion
sir-lawrence-alma-tadema_the-education-of-the-children-of-clovis-1861.jpg,Romanticism/sir-lawrence-alma-tadema_the-education-of-the-children-of-clovis-1861.jpg,romanticism,sir-lawrence-alma-tadema,1850-1900,gentleman,val,1861.0,sir-lawrence-alma-tadema,,dutch,"tourist attraction,gentleman"
michel-simonidy_the-ball-1899.jpg,Art_Nouveau_Modern/michel-simonidy_the-ball-1899.jpg,art_nouveau_modern,michel-simonidy,1850-1900,lady,train,1899.0,michel-simonidy,,"french, romanian",lady
mario-schifano_untitled-1963.jpg,Minimalism/mario-schifano_untitled-1963.jpg,minimalism,mario-schifano,1950-2000,,train,1963.0,mario-schifano,,"italian, lebanese",rectangle
henry-raeburn_captain-hay-of-spot.jpg,Romanticism/henry-raeburn_captain-hay-of-spot.jpg,romanticism,henry-raeburn,1800-1850,"gentleman,male-portraits",train,1800.0,henry-raeburn,,british,"male-portraits,gentleman"
claude-monet_shadows-on-the-sea-at-pourville.jpg,Impressionism/claude-monet_shadows-on-the-sea-at-pourville.jpg,impressionism,claude-monet,1850-1900,"water,sky",train,1882.0,claude-monet,,french,"sea,sky,water,coast,ocean"
r.-b.-kitaj_la-hispanista-nissa-torrents.jpg,Pop_Art/r.-b.-kitaj_la-hispanista-nissa-torrents.jpg,pop_art,unk,1950-2000,male-portraits,train,,r-b-kitaj,,american,"male-portraits,sitting"
pablo-picasso_guitar-on-pedestal-1920-2.jpg,Cubism/pablo-picasso_guitar-on-pedestal-1920-2.jpg,cubism,pablo-picasso,1900-1950,,train,1920.0,pablo-picasso,,spanish,musical-instruments
kitagawa-utamaro_flower-patterned-cotton.jpg,Ukiyo_e/kitagawa-utamaro_flower-patterned-cotton.jpg,ukiyo_e,kitagawa-utamaro,1750-1800,"female-portraits,flowers-and-plants",train,,kitagawa-utamaro,,japanese,"flowers-and-plants,female-portraits,fashion illustration"
claude-monet_still-life-with-pears-and-grapes-1.jpg,Impressionism/claude-monet_still-life-with-pears-and-grapes-1.jpg,impressionism,claude-monet,1850-1900,still life photography,train,1880.0,claude-monet,,french,"still life photography,fruit"
charles-lapicque_man-uvres-de-nuit-1958.jpg,Fauvism/charles-lapicque_man-uvres-de-nuit-1958.jpg,fauvism,charles-lapicque,1950-2000,,val,1958.0,charles-lapicque,,french,
joachim-patinir_landscape-with-the-rest-on-the-flight.jpg,Northern_Renaissance/joachim-patinir_landscape-with-the-rest-on-the-flight.jpg,northern_renaissance,joachim-patinir,1500-1550,"saints-and-apostles,christianity",train,,joachim-patinir,,flemish,"christianity,saints-and-apostles,holy-family,virgin-and-child,virgin-mary"
william-h.-johnson_female-nude-reclining-on-blue-ground-1940.jpg,Fauvism/william-h.-johnson_female-nude-reclining-on-blue-ground-1940.jpg,fauvism,william-h-johnson,1900-1950,,test,1940.0,william-h-johnson,,american,muscle
albert-bierstadt_portrait-of-a-horse-1869.jpg,Romanticism/albert-bierstadt_portrait-of-a-horse-1869.jpg,romanticism,albert-bierstadt,1850-1900,"animals,sky",train,1869.0,albert-bierstadt,,"american, german","animals,horses,fields-and-plains,horse,pasture,mane,mustang horse,mare,stallion,grassland,sky"
geta-bratescu_medeic-callisthetic-moves-vi-1981.jpg,Abstract_Expressionism/geta-bratescu_medeic-callisthetic-moves-vi-1981.jpg,abstract_expressionism,unk,1950-2000,,train,1981.0,geta-bratescu,,romanian,
vladimir-borovikovsky_paul-i-1800.jpg,Rococo/vladimir-borovikovsky_paul-i-1800.jpg,rococo,vladimir-borovikovsky,1800-1850,"male-portraits,famous-people",val,1800.0,vladimir-borovikovsky,,"russian, ukrainian","male-portraits,famous-people,paul-i-of-russia"
howard-hodgkin_girl-on-a-sofa-1968.jpg,Pop_Art/howard-hodgkin_girl-on-a-sofa-1968.jpg,pop_art,howard-hodgkin,1950-2000,,val,1968.0,howard-hodgkin,,british,
sandro-botticelli_christ-carrying-the-cross(1).jpg,Early_Renaissance/sandro-botticelli_christ-carrying-the-cross(1).jpg,early_renaissance,sandro-botticelli,1450-1500,"christianity,jesus-christ",train,1490.0,sandro-botticelli,,italian,"christianity,jesus-christ,religious item,cross,symbol,prophet"
ferdinand-hodler_unity-1911.jpg,Art_Nouveau_Modern/ferdinand-hodler_unity-1911.jpg,art_nouveau_modern,ferdinand-hodler,1900-1950,"allegories-and-symbols,mythology",train,1911.0,ferdinand-hodler,,swiss,"allegories-and-symbols,protest-actions,ancient history,mythology"
jack-tworkov_pink-mississippi-1954.jpg,Abstract_Expressionism/jack-tworkov_pink-mississippi-1954.jpg,abstract_expressionism,unk,1950-2000,,train,1954.0,jack-tworkov,,"american, polish",
martin-schongauer_madonna-on-the-turf-bench.jpg,Northern_Renaissance/martin-schongauer_madonna-on-the-turf-bench.jpg,northern_renaissance,martin-schongauer,1450-1500,"christianity,jesus-christ",train,1480.0,martin-schongauer,,german,"christianity,jesus-christ,virgin-mary"
maurice-de-vlaminck_man-smoking-a-pipe-1900.jpg,Fauvism/maurice-de-vlaminck_man-smoking-a-pipe-1900.jpg,fauvism,maurice-de-vlaminck,1900-1950,,train,1900.0,maurice-de-vlaminck,,french,
betty-parsons_untitled-abstraction(6).jpg,Abstract_Expressionism/betty-parsons_untitled-abstraction(6).jpg,abstract_expressionism,unk,1950-2000,,train,,betty-parsons,,american,
patrick-procktor_corfu-1989.jpg,Pop_Art/patrick-procktor_corfu-1989.jpg,pop_art,patrick-procktor,1950-2000,tree,train,1989.0,patrick-procktor,,"british, irish","arch,tree"
gustave-loiseau_field-and-hills.jpg,Post_Impressionism/gustave-loiseau_field-and-hills.jpg,post_impressionism,gustave-loiseau,1850-1900,"forests-and-trees,natural environment,natural landscape,tree",train,1890.0,gustave-loiseau,,french,"forests-and-trees,natural landscape,natural environment,tree,meadow,pasture"
katsushika-hokusai_sazai-hall-500-rakan-temples.jpg,Ukiyo_e/katsushika-hokusai_sazai-hall-500-rakan-temples.jpg,ukiyo_e,katsushika-hokusai,1800-1850,forests-and-trees,train,,katsushika-hokusai,,japanese,"caves-and-volcanoes,forests-and-trees"
lucas-cranach-the-elder_portrait-of-a-young-woman-1530.jpg,Northern_Renaissance/lucas-cranach-the-elder_portrait-of-a-young-woman-1530.jpg,northern_renaissance,lucas-cranach-the-elder,1500-1550,"female-portraits,lady",train,1530.0,lucas-cranach-the-elder,,german,"female-portraits,lady,headpiece,hairstyle"
ilya-mashkov_alupka-park-cabrank.jpg,Impressionism/ilya-mashkov_alupka-park-cabrank.jpg,impressionism,ilya-mashkov,1900-1950,seas-and-oceans,train,1920.0,ilya-mashkov,,russian,"roads-and-vehicles,seas-and-oceans,alupka"
edouard-vuillard_my-grandmother-1892.jpg,Pointillism/edouard-vuillard_my-grandmother-1892.jpg,post_impressionism,edouard-vuillard,1850-1900,"female-portraits,textile",train,1892.0,edouard-vuillard,,french,"female-portraits,orange,textile,pattern"
charles-hinman_untitled-from-the-on-the-bowery-portfolio-1969.jpg,Color_Field_Painting/charles-hinman_untitled-from-the-on-the-bowery-portfolio-1969.jpg,color_field_painting,charles-hinman,1950-2000,line,train,1969.0,charles-hinman,,american,"line,construction paper"
mabuse_adam-and-eve-in-paradise.jpg,Northern_Renaissance/mabuse_adam-and-eve-in-paradise.jpg,northern_renaissance,mabuse,1500-1550,"human,christianity,mythology",train,1527.0,mabuse,,flemish,"christianity,eve,adam,eden,old-testament,mythology,human,human body"
eugene-boudin_quittebeuf-1893.jpg,Impressionism/eugene-boudin_quittebeuf-1893.jpg,impressionism,eugene-boudin,1850-1900,"bank,countryside,sky,waterway",train,1893.0,eugene-boudin,,french,"countryside,castles-and-fortresses,lakes-and-ponds,waterway,bank,sky"
marc-chagall_joshua-prostrates-himself-before-the-angel-sword-bearer-chief-of-the-armies-of-the-lord-joshua.jpg,Naive_Art_Primitivism/marc-chagall_joshua-prostrates-himself-before-the-angel-sword-bearer-chief-of-the-armies-of-the-lord-joshua.jpg,naive_art_primitivism,marc-chagall,1950-2000,,train,1956.0,marc-chagall,,"french, jewish, belarusian","joshua,prophets,hebrew-bible,judaism,angels-and-archangels"
fikret-mualla-saygi_sar-elbise.jpg,Fauvism/fikret-mualla-saygi_sar-elbise.jpg,fauvism,fikret-mualla-saygi,1900-1950,,test,,fikret-mualla-saygi,,"french, turkish",
rembrandt_the-anatomy-lesson-of-dr-nicolaes-tulp-fragment-1632-1.jpg,Baroque/rembrandt_the-anatomy-lesson-of-dr-nicolaes-tulp-fragment-1632-1.jpg,baroque,rembrandt,1600-1650,"chin,gentleman,forehead",train,1632.0,rembrandt,,dutch,"facial hair,hair,beard,forehead,chin,gentleman"
utagawa-kuniyoshi_the-actor-22.jpg,Ukiyo_e/utagawa-kuniyoshi_the-actor-22.jpg,ukiyo_e,utagawa-kuniyoshi,1800-1850,male-portraits,train,,utagawa-kuniyoshi,,japanese,male-portraits
auguste-herbin_dessert-1913.jpg,Cubism/auguste-herbin_dessert-1913.jpg,cubism,auguste-herbin,1900-1950,,val,1913.0,auguste-herbin,,french,
utagawa-kuniyoshi_clearing-water-at-horikawa.jpg,Ukiyo_e/utagawa-kuniyoshi_clearing-water-at-horikawa.jpg,ukiyo_e,utagawa-kuniyoshi,1800-1850,,train,,utagawa-kuniyoshi,,japanese,battles-and-wars
giorgione_portrait-of-young-man-giustiniani-portrait-1504(2).jpg,High_Renaissance/giorgione_portrait-of-young-man-giustiniani-portrait-1504(2).jpg,high_renaissance,giorgione,1500-1550,"lady,male-portraits",train,1504.0,giorgione,,italian,"male-portraits,lady"
katsushika-hokusai_manga-1.jpg,Ukiyo_e/katsushika-hokusai_manga-1.jpg,ukiyo_e,katsushika-hokusai,1800-1850,"text,head,sketch",train,,katsushika-hokusai,,japanese,"masks-and-fans,manga,facial expression,text,head,sketch,jaw,font"
adolphe-joseph-thomas-monticelli_oriental-scene-1876.jpg,Romanticism/adolphe-joseph-thomas-monticelli_oriental-scene-1876.jpg,romanticism,adolphe-joseph-thomas-monticelli,1850-1900,streets-and-squares,train,1876.0,adolphe-joseph-thomas-monticelli,,french,streets-and-squares
sam-francis_light-in-itself-1979.jpg,Abstract_Expressionism/sam-francis_light-in-itself-1979.jpg,abstract_expressionism,sam-francis,1950-2000,line,train,1979.0,sam-francis,color_field_painting,american,line
boris-kustodiev_self-portrait-1902.jpg,Realism/boris-kustodiev_self-portrait-1902.jpg,realism,boris-kustodiev,1900-1950,"forehead,famous-people,face,male-portraits,chin,sketch",train,1902.0,boris-kustodiev,,russian,"male-portraits,famous-people,boris-kustodiev,hair,face,facial hair,moustache,beard,chin,forehead,sketch,eyebrow"
katsushika-hokusai_concert-under-the-wisteria.jpg,Ukiyo_e/katsushika-hokusai_concert-under-the-wisteria.jpg,ukiyo_e,katsushika-hokusai,1800-1850,textile,train,,katsushika-hokusai,,japanese,"spring,textile"
maria-primachenko_fairy-bird-peacock-1936.jpg,Naive_Art_Primitivism/maria-primachenko_fairy-bird-peacock-1936.jpg,naive_art_primitivism,maria-primachenko,1900-1950,,train,1936.0,maria-primachenko,,ukrainian,"birds,peacocks"
giovanni-antonio-boltraffio_madonna-litta-1490.jpg,High_Renaissance/giovanni-antonio-boltraffio_madonna-litta-1490.jpg,high_renaissance,unk,1450-1500,,train,1490.0,giovanni-antonio-boltraffio,,italian,
mark-rothko_interior.jpg,Expressionism/mark-rothko_interior.jpg,expressionism,mark-rothko,1900-1950,,val,1936.0,mark-rothko,,"american, jewish",doors-and-windows
william-hogarth_the-battle-of-the-pictures-1745.jpg,Rococo/william-hogarth_the-battle-of-the-pictures-1745.jpg,rococo,william-hogarth,1700-1750,allegories-and-symbols,train,1743.0,william-hogarth,,british,allegories-and-symbols
daniel-dezeuze_par-une-for-t-obscure-iii-1997.jpg,Minimalism/daniel-dezeuze_par-une-for-t-obscure-iii-1997.jpg,minimalism,daniel-dezeuze,1950-2000,,train,1997.0,daniel-dezeuze,,french,orange
leonardo-da-vinci_drawing-of-an-flood.jpg,High_Renaissance/leonardo-da-vinci_drawing-of-an-flood.jpg,high_renaissance,leonardo-da-vinci,1500-1550,christianity,train,1500.0,leonardo-da-vinci,,italian,"christianity,fires-and-floods,old-testament,pattern"
hiro-yamagata_not-detected-272417.jpg,Pop_Art/hiro-yamagata_not-detected-272417.jpg,pop_art,hiro-yamagata,1950-2000,"vehicle,sky,houses-and-buildings",train,,hiro-yamagata,,japanese,"houses-and-buildings,aircrafts,sky,airplane,vehicle"
katsushika-hokusai_new-year-s-days-of-the-teahouse-ogi-ya-1812.jpg,Ukiyo_e/katsushika-hokusai_new-year-s-days-of-the-teahouse-ogi-ya-1812.jpg,ukiyo_e,katsushika-hokusai,1800-1850,,train,1812.0,katsushika-hokusai,,japanese,celebrations-and-festivals
titian_perseus-and-andromeda-1556.jpg,Mannerism_Late_Renaissance/titian_perseus-and-andromeda-1556.jpg,mannerism_late_renaissance,titian,1550-1600,human,train,1556.0,titian,,italian,"greek-and-roman-mythology,andromeda,heroes,perseus,human"
pierre-auguste-renoir_woman-with-parasol-1873.jpg,Impressionism/pierre-auguste-renoir_woman-with-parasol-1873.jpg,impressionism,pierre-auguste-renoir,1850-1900,lady,train,1873.0,pierre-auguste-renoir,,french,lady
edward-corbett_p-t-5-1970.jpg,Minimalism/edward-corbett_p-t-5-1970.jpg,minimalism,unk,1950-2000,line,train,1970.0,edward-corbett,color_field_painting,american,"orange,brown,line"
aristarkh-lentulov_self-portrait-1912.jpg,Cubism/aristarkh-lentulov_self-portrait-1912.jpg,cubism,unk,1900-1950,"male-portraits,famous-people",train,1912.0,aristarkh-lentulov,,russian,"male-portraits,famous-people"
jacek-malczewski_polonia-ii-1914.jpg,Art_Nouveau_Modern/jacek-malczewski_polonia-ii-1914.jpg,art_nouveau_modern,jacek-malczewski,1900-1950,,train,1914.0,jacek-malczewski,,polish,couples
sandro-botticelli_the-annunciation-predella-panel-from-the-altarpiece-of-st-mark-1490(1).jpg,Early_Renaissance/sandro-botticelli_the-annunciation-predella-panel-from-the-altarpiece-of-st-mark-1490(1).jpg,early_renaissance,sandro-botticelli,1450-1500,christianity,train,1490.0,sandro-botticelli,,italian,"christianity,annunciation"
sam-francis_untitled-1964-3.jpg,Abstract_Expressionism/sam-francis_untitled-1964-3.jpg,abstract_expressionism,sam-francis,1950-2000,,val,1964.0,sam-francis,,american,font
olivier-debre_touraine-automne-jaune-rose.jpg,Color_Field_Painting/olivier-debre_touraine-automne-jaune-rose.jpg,color_field_painting,olivier-debre,1950-2000,,test,,olivier-debre,,french,
konstantinos-parthenis_still-life-with-bottles.jpg,Expressionism/konstantinos-parthenis_still-life-with-bottles.jpg,expressionism,konstantinos-parthenis,1900-1950,line,test,,konstantinos-parthenis,,"italian, greek",line
michelangelo_sistine-chapel-ceiling-judith-carrying-the-head-of-holofernes-1512.jpg,High_Renaissance/michelangelo_sistine-chapel-ceiling-judith-carrying-the-head-of-holofernes-1512.jpg,high_renaissance,michelangelo,1500-1550,"christianity,mythology",train,1512.0,michelangelo,,italian,"christianity,old-testament,judith-beheading-holofernes,mythology"
mikhail-nesterov_a-girl-with-kokoshnik-woman-s-headdress-in-old-russia-1885.jpg,Realism/mikhail-nesterov_a-girl-with-kokoshnik-woman-s-headdress-in-old-russia-1885.jpg,realism,mikhail-nesterov,1850-1900,"female-portraits,lady",train,1885.0,mikhail-nesterov,,russian,"female-portraits,lady"
georges-braque_landscape-at-la-ciotat-1907-2.jpg,Fauvism/georges-braque_landscape-at-la-ciotat-1907-2.jpg,fauvism,georges-braque,1900-1950,"forests-and-trees,tree",train,1907.0,georges-braque,,french,"forests-and-trees,tree"
sven-lukin_snug-2010.jpg,Color_Field_Painting/sven-lukin_snug-2010.jpg,color_field_painting,sven-lukin,2000-2050,nose,train,2010.0,sven-lukin,,"american, latvian","pink,nose"
albert-gleizes_mati-re-et-lumi-re-ou-le-christ-au-t-tramorphe-1934.jpg,Cubism/albert-gleizes_mati-re-et-lumi-re-ou-le-christ-au-t-tramorphe-1934.jpg,cubism,albert-gleizes,1900-1950,,train,1934.0,albert-gleizes,,french,
jacques-villon_the-violinist-le-violoniste-supervielle-1899.jpg,Post_Impressionism/jacques-villon_the-violinist-le-violoniste-supervielle-1899.jpg,post_impressionism,jacques-villon,1850-1900,,train,1899.0,jacques-villon,,french,musical instrument
ivan-bilibin_illustration-for-alexander-pushkin-s-fairytale-of-the-tsar-saltan-1905-6(1).jpg,Art_Nouveau_Modern/ivan-bilibin_illustration-for-alexander-pushkin-s-fairytale-of-the-tsar-saltan-1905-6(1).jpg,art_nouveau_modern,ivan-bilibin,1900-1950,fictional-characters,train,1905.0,ivan-bilibin,,russian,"knights-and-warriors,fictional-characters,palaces-and-mausoleums,slavic-mythology,alexander-pushkin,fairytale-of-the-tsar-saltan"
hieronymus-bosch_triptych-of-temptation-of-st-anthony-1506.jpg,Northern_Renaissance/hieronymus-bosch_triptych-of-temptation-of-st-anthony-1506.jpg,northern_renaissance,hieronymus-bosch,1500-1550,"allegories-and-symbols,christianity",train,1506.0,hieronymus-bosch,,dutch,"allegories-and-symbols,christianity,knights-and-warriors"
pablo-picasso_matador-1970.jpg,Cubism/pablo-picasso_matador-1970.jpg,cubism,pablo-picasso,1950-2000,male-portraits,train,1970.0,pablo-picasso,,spanish,male-portraits
